Algoritmo,Accuracy,F1_Macro,AUC_OVR
Multimodal CNN,0.6694957563654518,0.11970320303572643,0.7302739345652365
Naive Bayes,0.16674987518721918,0.11319550928253996,
Random Forest,0.6894658012980529,0.29098465351956976,0.7230458681989163
XGBoost,0.6824762855716425,0.2896659784380163,0.7676312171244604
SVM,0.6849725411882177,0.15858327696008773,0.6893670202254061
